"prob","estimate","lower","upper"
0.5,-0.353759405385803,-1.58767320029287,1.37168541020805
0.9,-0.101811938209392,-3.13277622179886,3.28661948834958
0.95,0.193928013861433,-3.62975828111378,4.34795770783009
