"prob","estimate","lower","upper"
0.5,0.1672202863186,-0.37456899329065,0.851801177920115
0.9,-0.448855699886265,-1.92452888753826,1.37250763532526
0.95,-0.577398215012732,-2.45351133544998,1.58306255302067
