"prob","estimate","lower","upper"
0.5,0.274065271685372,-0.485058900221131,1.12709788190356
0.9,-0.295291915081244,-2.77015486828406,2.34723022846
0.95,-0.38641156401788,-3.48373331589917,2.7275473106105
