"estimand","estimate","lower","upper"
"ATE",-0.281931117777293,-0.914831604544493,0.239792828551824
