"prob","estimate","lower","upper"
0.5,-0.768927966794519,-4.48333463215923,0.487812810619125
0.9,-1.27354311436732,-3.22949725819038,0.0509276571143392
0.95,-1.76147684612791,-4.26960167535552,0.116730745460601
