"estimate","index","id","lower","upper"
1.48851721986873,0.5,1,1.30171301865042,1.67564521014552
1.9162758883501,0.5,2,1.44913083057827,2.40044261672337
28.5682657798933,0.9,1,11.7784863962277,52.6255538947358
36.1695077504661,0.9,2,14.7233278587068,70.457471585251
73.3530045637589,0.95,1,20.8072834455904,146.237056130031
91.8917743922821,0.95,2,26.917721606115,194.046057710717
