"estimate","index","id","lower","upper"
1.47897919224992,0.5,1,1.30267824078665,1.68007942192388
1.93287819530802,0.5,2,1.53124509323297,2.41742083909491
28.6373094709662,0.9,1,12.0226929316624,55.2819340643245
37.7415515199585,0.9,2,15.1227354927649,75.1763776066831
74.7784770559546,0.95,1,22.0661589891476,161.887933976658
99.4390167205584,0.95,2,27.5170154432211,213.102474348584
