"estimate","index","id","lower","upper"
1.47577294915301,0.5,1,1.31823960749521,1.65477730586768
1.98139184512265,0.5,2,1.55000325392095,2.50353589287354
23.949897401593,0.9,1,12.4728430543213,44.9522761312017
32.180547476851,0.9,2,16.0471789175776,59.6778324913779
54.3733891956972,0.95,1,23.0190573313681,119.352258895061
73.0865521877503,0.95,2,29.2593184907734,154.765958560527
