"estimate","index","id","lower","upper"
1.46252753116956,0.5,1,1.24708540080685,1.64999764886245
1.97218723434708,0.5,2,1.493778665818,2.5458729620965
28.353229809423,0.9,1,11.9908891900291,59.4649389323252
38.5230915053535,0.9,2,15.0326398785712,84.2739813711935
71.0402414656077,0.95,1,22.1337015525083,169.684464662188
96.83864639158,0.95,2,27.9724712957533,247.822056547924
