"estimate","index","id","lower","upper"
3.62045552749277,0.5,1,0.0433410682458574,14.0542408273889
31.2965377117383,0.5,2,0.00226340387768643,61.4696376313101
79.5637045404787,0.9,1,0.652876912177233,346.502830451977
637.764316330589,0.9,2,0.0464744095798068,1451.18179838083
204.672515264628,0.95,1,1.43485809581638,832.213302045037
1554.53662470157,0.95,2,0.10075791083943,3626.95498674924
