"estimate","index","lower","upper"
1.47611542808289,0.5,1.19960852693599,1.70315209585212
4.77617676804161,0.9,4.00451851074425,5.55795555173028
6.53474649849534,0.95,5.43490592079371,7.82249430264078
11.6273970091802,0.99,9.08856649721086,15.3166500051047
