"estimate","index","lower","upper"
1.42101212930622,0.5,1.26518050921699,1.63615694563249
4.78894622431736,0.9,4.13725667747187,5.46769506353312
6.53604463702549,0.95,5.64324248183785,7.46732270102717
11.2632158580676,0.99,9.21971476139005,14.1468455506368
