"estimate","index","lower","upper"
1.49564224365642,0.5,1.33598213289618,1.70355361882282
4.73085659947333,0.9,4.04477018774766,5.62103341387055
6.28980134943082,0.95,5.2881217290413,7.50605020679829
10.8149358763308,0.99,8.71273407490897,13.7979078674184
