"estimate","index","lower","upper"
1.63139077026446,0.5,1.44309061458338,1.87463401137942
4.78919457236186,0.9,4.14697994652353,5.48910262351173
6.53402233294565,0.95,5.58885840776128,7.65554821149284
11.8137591528222,0.99,9.4476701581534,15.0348834140404
