"estimate","index","lower","upper"
1.44778597599615,0.5,1.19924013562663,1.65639915335465
4.63427586943966,0.9,3.55836059202468,5.56031735293733
6.33963597752498,0.95,5.0356297786123,7.64137482724932
10.9941082572289,0.99,8.71034312392502,13.9823482533373
