"tau","quantile"
0.5,2.4447214847668
0.9,9.10275473558119
0.99,10.1547039547496
